"law_id","title","path_pdf","seg_path_pdf","reason"
"1","","Izborni zakon Republike Srpske-61_24.pdf","Izborni zakon Republike Srpske-61_24.pdf","Naziv ne odgovara PDF nazivu"
"3","Zakon o izmjenama i dopunama zakona o suzbijanju organizovanog i najte?ih oblika privrednog kriminala","Porodi?ni zakon-17_23.pdf","Porodi?ni zakon-17_23.pdf","Naziv ne odgovara PDF nazivu"
"4","ZAKON O NEPRIMJENJIVANJU ODLUKA USTAVNOG SUDA BOSNE I HERCEGOVINE","ZAKON O IZMJENI ZAKONA O OBJAVLJIVANJU ZAKONA I DRUGIH PROPISA REPUBLIKE SRPSKE-60_23.pdf","","Naziv ne odgovara PDF nazivu"
"6","Zakon o lovstvu","Zako o dopuni Zakona o bankama Republike Srpske-63_24.pdf","","Naziv ne odgovara PDF nazivu"
"7","Zakon o koncesijama","Zakon o Agenciji za bankarstvo Republike Srpske-59_13.pdf","Zakon o Agenciji za bankarstvo Republike Srpske-59_13.pdf","Naziv ne odgovara PDF nazivu"
"8","Zakon o izmjenama Zakona o notarima","Zakon o Agenciji za informaciono-komunikacione tehnologije-90_23.pdf","Zakon o Agenciji za informaciono-komunikacione tehnologije-90_23.pdf","Naziv ne odgovara PDF nazivu"
"10","Zakon o statusu funkcion?ra j?dinica lokaln? samouprav?","Zakon o Ag?nciji za posr?dni?k?, informati?k? i finansijsk? uslug?-96_05.pdf","Zakon o Ag?nciji za posr?dni?k?, informati?k? i finansijsk? uslug?-96_05.pdf","Naziv ne odgovara PDF nazivu"
"11","Zakoni o izmjenama i dopuni Zakona o obnovljivim izvorima energije i efikasnoj kogeneraciji","Zakon o Akademiji nauka i umjetnosti Republike Srpske-108_13.pdf","Zakon o Akademiji nauka i umjetnosti Republike Srpske-108_13.pdf","Naziv ne odgovara PDF nazivu"
"12","Zakon o trezoru","Zakon o Akcijskom fondu Republike Srpske-28_13.pdf","Zakon o Akcijskom fondu Republike Srpske-28_13.pdf","Naziv ne odgovara PDF nazivu"
"14","Zakon o izmjenama i dopunama Zakona o dr?avnim slu?benicima","Zakon o Fondu i finansiranju za?tite ?ivotne sredine Republike Srpske-117_11.pdf","Zakon o Fondu i finansiranju za?tite ?ivotne sredine Republike Srpske-117_11.pdf","Naziv ne odgovara PDF nazivu"
"16","Zakon o izmjeni i dopunama Zakona o pravima boraca, vojnih invalida i porodica poginulih boraca Odbrambeno-otad?binskog rata Republike Srpske","Zakon o Fondu solidarnosti za dijagnostiku i lije?enje oboljenja, stanja i povreda djece u inostranstvu-100_17.pdf","","Naziv ne odgovara PDF nazivu"
"21","Zakon o prestanku va?enja Zakona o ombudsmanu Republike Srpske ? za?titniku ljudskih prava","Zakon o Gradu Bijeljina-70_12.pdf","","Naziv ne odgovara PDF nazivu"
"22","Zakon o slobodnim zonama Republike Srpske","Zakon o Gradu Deventa-15_21.pdf","","Naziv ne odgovara PDF nazivu"
"24","Zakon o izmjeni i dopunama Zakona o teritorijalnoj organizaciji Republike Srpske","Zakon o Gradu Gradi?ka-26_19.pdf","","Naziv ne odgovara PDF nazivu"
"25","Zakon o izmjeni i dopunama Zakona o teritorijalnoj organizaciji Republike Srpske","Zakon o Gradu Lakta?i-37_22.pdf","","Naziv ne odgovara PDF nazivu"
"27","Zakon o izmjeni i dopunama Zakona o teritorijalnoj organizaciji Republike Srpske","Zakon o Gradu Prnjavor-32_23.pdf","","Naziv ne odgovara PDF nazivu"
"28","Zakon o izmjenama i dopunama Zakona o srednjem obrazovanju i vaspitanju","Zakon o Gradu Tesli?-45_25.pdf","","Naziv ne odgovara PDF nazivu"
"33","Zakon o obrazovanju odraslih","Zakon o Komori in?enjera poljoprivrede Republike Srpske-59_09.pdf","","Naziv ne odgovara PDF nazivu"
"35","Zakon o za?titi i spasavanju u vanrednim situacijama","Zakon o Nacionalnom parku ?Kozara?-121_12.pdf","","Naziv ne odgovara PDF nazivu"
"37","Zakon o ugostiteljstvu","Zakon o Poreskoj upravi-112_07.pdf","","Naziv ne odgovara PDF nazivu"
"38","Zakono neprimjenjivanju Zakona i zabrani djelovanja vanustavnih institucija BiH","Zakon o Posebnom registru i javnosti rada neprofitnih organizacija-19_25.pdf","","Naziv ne odgovara PDF nazivu"
"39","Zakon o izmjenama i dopunama Zakona o Fondu za razvoj i zapo?ljavanje Republike Srpske","Zakon o Posebnom registru lica pravosna?no osu?enih za krivi?na djela seksualne zloupotrebe i iskori?tavanja djece-28_23.pdf","","Naziv ne odgovara PDF nazivu"
"48","Zakon o izmj?nama i dopunama Zakona o ?ksproprijaciji","Zakon o administrativnim taksama-100_11.pdf","","Naziv ne odgovara PDF nazivu"
"49","Zakon o izmjenama i dopunama zakona o centru za edukaciju sudija i javnih tu?ilaca u Republici Srpskoj","Zakon o advokaturi Republike Srpske-30_07.pdf","","Naziv ne odgovara PDF nazivu"
"50","Zakon o vinu","Zakon o advokaturi Republike Srpske-80_15.pdf","","Naziv ne odgovara PDF nazivu"
"51","Zakon o unutra?njim poslovima","Zakon o agencijama za obezbje?enje lica i imovine i privatnoj detektivskoj djelatnosti-4_12.pdf","","Naziv ne odgovara PDF nazivu"
"52","Zakon o dopunama Zakona o dr?avljanstvu","Zakon o amblemu Republike Srpske-49_07.pdf","","Naziv ne odgovara PDF nazivu"
"54","Zakon o zateznoj kamati","Zakon o amnestiji-61_18.pdf","","Naziv ne odgovara PDF nazivu"
"55","Zakon o mikrokr?ditnim organizacijama","Zakon o amn?stiji pr?kr?aja-64_06.pdf","","Naziv ne odgovara PDF nazivu"
"57","Zakon o pred?kolskom vaspitanju i obrazovanju","Zakon o apotekarskoj djelatnosti-119_08.pdf","","Naziv ne odgovara PDF nazivu"
"59","Zakon o izmjeni Zakona o republi?koj upravi","Zakon o audio-vizuelnim djelatnostima-56_22.pdf","","Naziv ne odgovara PDF nazivu"
"60","Zakon o izmjenama i dopunama Zakona o Penzijskom rezervnom fondu Republike Srpske","Zakon o banjama-20_18.pdf","","Naziv ne odgovara PDF nazivu"
"61","Zakon o zapo?ljavanju stranih dr?avljana i lica bez dr?avljanstva","Zakon o banjama-24_09.pdf","","Naziv ne odgovara PDF nazivu"
"62","Zakon o izmjenama i dopunama Zakona o tr?i?tu hartija od vrijednosti","Zakon o bankama Republike Srpske-3_17.pdf","","Naziv ne odgovara PDF nazivu"
"65","Zakon o izmjenama i dopunama Zakona o unutra?njem platnom prometu","Zakon o bezbjednosti kriti?nih infrastruktura u Republici Srpskoj-58_19.pdf","","Naziv ne odgovara PDF nazivu"
"66","Zakon o izmjeni Zakona o porezima na upotrebu, dr?anje i no?enje dobara","Zakon o bibliote?ko - informacionoj djelatnosti-44_16.pdf","","Naziv ne odgovara PDF nazivu"
"67","Zakon o sjemenu poljoprivrednog bilja","Zakon o biocidima-37_09.pdf","","Naziv ne odgovara PDF nazivu"
"71","Zakon o unutra?njem platnom prometu","Zakon o cjevovodnom transportu gasovitih i te?nih ugljovodonika i distribuciji gasovitih ugljovodonika-52_12.pdf","","Naziv ne odgovara PDF nazivu"
"73","Zakon o registru zaposlenih lica kod korisnika bud?etskih sredstava Republike Srpske","Zakon o dje?joj za?titi-114_17.pdf","","Naziv ne odgovara PDF nazivu"
"78","Zakon o platama zaposlenih u organima uprave Republike Srpske","Zakon o doprinosima-116_12.pdf","","Naziv ne odgovara PDF nazivu"
"79","Zakon o izvr?enju bud?eta Republike Srpske za 2008. godinu","Zakon o dopunama Zakona o doprinosima-112_23.pdf","","Naziv ne odgovara PDF nazivu"
"82","Zakon o imunitetu Republike Srpske","Zakon o dopunama Zakona o radu-39_24.pdf","","Naziv ne odgovara PDF nazivu"
"83","Zakon o obrazovanju odraslih","Zakon o dopunama Zakona o republi?koj upravi-111_21.pdf","","Naziv ne odgovara PDF nazivu"
"84","Zakon o utvr?ivanju porijekla imovine i posebnom porezu na imovinu","Zakon o dopunama Zakona o republi?koj upravi-15_22.pdf","","Naziv ne odgovara PDF nazivu"
"94","Zakon o platama zaposlenih u osnovnim i srednjim ?kolama i ?a?kim domovima u Republici Srpskoj","Zakon o dopuni Zakona o doprinosima-49_21.pdf","","Naziv ne odgovara PDF nazivu"
"95","Zakon o zastupanju u osiguranju i posredovanju u osiguranju i reosiguranju","Zakon o dopuni Zakona o dru?tvima za osiguranje-47_17.pdf","","Naziv ne odgovara PDF nazivu"
"99","Zakon o likvidacionom postupku","Zakon o dopuni Zakona o policiji i unutra?njim poslovima-82_19.pdf","","Naziv ne odgovara PDF nazivu"
"102","Zakon o zvanjima koja se sti?u zavr?etkom visokog obrazovanja","Zakon o dopuni Zakona o prevozu u drumskom saobra?aju Republike Srpske-33_14.pdf","","Naziv ne odgovara PDF nazivu"
"104","Zakon o osnivanju op?tine Stanari","Zakon o dopuni Zakona o teritorijalnoj organizaciji Republike Srpske-83_14.pdf","","Naziv ne odgovara PDF nazivu"
"108","Zakon o utvr?ivanju i prenosu prava raspolaganja imovinom na jedinice lokalne samouprave","Zakon o dopuni krivi?nog Zakona Republike Srpske-70_06.pdf","","Naziv ne odgovara PDF nazivu"
"110","Zakon o posr?dovanju u osiguranju","Zakon o dru?tvima za osiguranj?-17_05.pdf","","Naziv ne odgovara PDF nazivu"
"114","Zakon o u?eni?kom standard","Zakon o duvanu-72_12.pdf","","Naziv ne odgovara PDF nazivu"
"115","Zakon o izmjenama Zakona o eksproprijaciji","Zakon o ekonomsko-socijalnom savjetu-110_08.pdf","","Naziv ne odgovara PDF nazivu"
"116","Zakon o gra?evinskom zemlji?tu Republike Srpske","Zakon o eksproprijaciji-112_06.pdf","","Naziv ne odgovara PDF nazivu"
"117","Zakon o lije?enju neplodnosti postupcima biomedicinski potpomognute oplodnje","Zakon o elektri?noj energiji-68_20.pdf","","Naziv ne odgovara PDF nazivu"
"118","Zakon o spre?avanju nasilja na sportskim priredbama","Zakon o elektronskom dokumentu Republike Srpske-106_15.pdf","","Naziv ne odgovara PDF nazivu"
"120","Zakon o proizvodnji naoru?anja i vojne opreme u Republici Srpskoj","Zakon o elektronskom novcu-1_24.pdf","","Naziv ne odgovara PDF nazivu"
"123","Zakon o izmjenama Zakona o pravosudnom ispitu u Republici Srpskoj","Zakon o elektronskom potpisu Republike Srpske-59_08.pdf","","Naziv ne odgovara PDF nazivu"
"126","Zakon o prestanku va?enja zakona o finansijskom restrukturiranju duga preduze?a sa ve?inskim u?e??em dr?avnog kapitala koji je predmet privatizacije","Zakon o evidencijama i statisti?kim istra?ivanjima u oblasti zdravstvene za?tite-53_07.pdf","","Naziv ne odgovara PDF nazivu"
"128","Zakon o suzbijanju organizovanog i najt??ih oblika privr?dnog kriminala","Zakon o finansijskom r?strukturiranju duga pr?duz??a sa v??inskim u?????m dr?avnog kapitala-37_06.pdf","","Naziv ne odgovara PDF nazivu"
"133","Zakon o pomilovanju","Zakon o finansiranju ??lj?zni?k? infrastruktur? i sufinansiranju ??lj?zni?kog saobra?aja od int?r?sa za R?publiku Srpsku-34_06.pdf","","Naziv ne odgovara PDF nazivu"
"137","Zakon o ra?unovodstvu i reviziji Republike Srpske","Zakon o fiskalnoj odgovornosti u Republici Srpskoj-94_15.pdf","","Naziv ne odgovara PDF nazivu"
"140","Zakon o izmjeni Zakona o poljoprivredi","Zakon o gasu-86_07.pdf","","Naziv ne odgovara PDF nazivu"
"141","Zakon o ombudsmanu za djecu","Zakon o geneti?ki modifikovanim organizmima-103_08.pdf","","Naziv ne odgovara PDF nazivu"
"143","Zakon o izmjenama i dopunama Zakona o pred?kolskom vaspitanju i obrazovanju","Zakon o geolo?kim istra?ivanjima-64_22.pdf","","Naziv ne odgovara PDF nazivu"
"144","Zakon o posebnom postupku eksproprijacije radi izgradnje auto-puta i gasovoda dionice Vukosavlje-Br?ko i Br?ko-Ra?a","Zakon o gradu Isto?no Sarajevo-18_20.pdf","","Naziv ne odgovara PDF nazivu"
"146","Zakon o izmjenama i dopunama Zakona o poljoprivrednom zemlji?tu","Zakon o gra?evinskim proizvodima-5_12.pdf","","Naziv ne odgovara PDF nazivu"
"150","Zakon o stranim ulaganjima","Zakon o hemikalijama-21_18.pdf","","Naziv ne odgovara PDF nazivu"
"152","Zakon o ?eljeznicama Republike Srpske","Zakon o hrani-19_17.pdf","","Naziv ne odgovara PDF nazivu"
"157","Zakon o turizmu","Zakon o informacionoj b?zbj?dnosti-70_11.pdf","","Naziv ne odgovara PDF nazivu"
"158","Zakon o socijalnoj karti","Zakon o inovacionoj djelatnosti-62_25.pdf","","Naziv ne odgovara PDF nazivu"
"161","Zakon o poreskom savjetovanju","Zakon o internoj reviziji u javnom sektoru Republike Srpske-17_08.pdf","","Naziv ne odgovara PDF nazivu"
"162","Zakon o vjestacima Republike Srpske","Zakon o interventnim nabavkama-74_17.pdf","","Naziv ne odgovara PDF nazivu"
"164","Zakon o izmj?nama Zakona o z?mlji?nim knjigama","Zakon o izdava?koj dj?latnosti-46_04.pdf","","Naziv ne odgovara PDF nazivu"
"167","Zakon o prevozu opasnih materija","Zakon o izmjenama Zakona o bud?etskom sistemu Republike Srpske-15_16.pdf","","Naziv ne odgovara PDF nazivu"
"168","Zakon o izvr?enju Bud?eta Republike Srpske za 2020. godinu","Zakon o izmjenama Zakona o doprinosima-112_19.pdf","","Naziv ne odgovara PDF nazivu"
"169","Zakon o pred?kolskom obrazovanju i vaspitanju","Zakon o izmjenama Zakona o eksproprijaciji-79_15.pdf","","Naziv ne odgovara PDF nazivu"
"170","Zakon o metrologiji","Zakon o izmjenama Zakona o elektronskom poslovanju Republike Srpske-33_16.pdf","","Naziv ne odgovara PDF nazivu"
"171","Zakon o javnom redu i miru","Zakon o izmjenama Zakona o imovini i potra?ivanjima kojima upravlja Fond za upravljanje nekretninama i potra?ivanjima Republike Srpske-11_15.pdf","","Naziv ne odgovara PDF nazivu"
"177","Zakon o za?titi od uznemiravanja na radu","Zakon o izmjenama Zakona o izvr?enju Bud?eta Republike Srpske za 2021. godinu-90_21.pdf","","Naziv ne odgovara PDF nazivu"
"183","Zakon o za?titi od nejonizuju?ih zra?enja","Zakon o izmjenama Zakona o lokalnoj samoupravi-36_19.pdf","","Naziv ne odgovara PDF nazivu"
"184","Zakon o posebnom postupku eksproprijacije radi izgradnje auto-puta Banja Luka-Prijedor","Zakon o izmjenama Zakona o lokalnoj samoupravi-61_21.pdf","","Naziv ne odgovara PDF nazivu"
"186","Zakon o poreskom postupku Republike Srpske","Zakon o izmjenama Zakona o obaveznim osiguranjima u saobra?aju-78_20.pdf","","Naziv ne odgovara PDF nazivu"
"189","Zakon o rokovima izmirenja nov?anih obaveza u poslovnim transakcijama","Zakon o izmjenama Zakona o oru?ju i municiji-31_18.pdf","","Naziv ne odgovara PDF nazivu"
"222","Zakon o posebnom doprinosu za solidarnost","Zakon o izmjenama Zakona o porezima na upotrebu, dr?anje i no?enje dobara-110_15.pdf","","Naziv ne odgovara PDF nazivu"
"224","Zakon o izvr?enju Bud?eta Republike Srpske za 2014. godinu","Zakon o izmjenama Zakona o porezu na dohodak-107_13.pdf","","Naziv ne odgovara PDF nazivu"
"234","Zakon o standardizaciji u Republici Srpskoj","Zakon o izmjenama Zakona o vanparni?nom postupku-16_23.pdf","","Naziv ne odgovara PDF nazivu"
"239","Zakon o za?titi od po?ara","Zakon o izmjenama Zakona o zdravstvenom osiguranju-94_19.pdf","","Naziv ne odgovara PDF nazivu"
"240","Zakon o mineralnim ?ubrivima","Zakon o izmjenama i dopunama Izbornog zakona Republike Srpske-24_12.pdf","","Naziv ne odgovara PDF nazivu"
"244","Zakon o pomilovanju","Zakon o izmjenama i dopunama Krivi?nog zakonika Republike Srpske;-31_25.pdf","","Naziv ne odgovara PDF nazivu"
"260","Zakon o volontiranju","Zakon o izmjenama i dopunama Zakona o Radio-televiziji Republike Srpske-89_13.pdf","","Naziv ne odgovara PDF nazivu"
"273","Zakon o u?eni?kom standardu","Zakon o izmjenama i dopunama Zakona o deviznom poslovanju-107_24.pdf","","Naziv ne odgovara PDF nazivu"
"274","Zakon o za?titi prirode","Zakon o izmjenama i dopunama Zakona o deviznom poslovanju-20_14.pdf","","Naziv ne odgovara PDF nazivu"
"279","Zakon o izvr?enju Bud?eta Republike Srpske za 2019. godinu","Zakon o izmjenama i dopunama Zakona o dje?joj za?titi-122_18.pdf","","Naziv ne odgovara PDF nazivu"
"287","Zakon o policiji i unutra?njim poslovima","Zakon o izmjenama i dopunama Zakona o dr?avnim slu?benicima-57_16.pdf","","Naziv ne odgovara PDF nazivu"
"292","Zakon o kontroli pomo?i privrednim subjektima","Zakon o izmjenama i dopunama Zakona o estradnoj djelatnosti-106_09.pdf","","Naziv ne odgovara PDF nazivu"
"295","Zakon o upotrebi znakovnog jezika","Zakon o izmjenama i dopunama Zakona o fiskalnoj odgovornosti u Republici Srpskoj-62_18.pdf","","Naziv ne odgovara PDF nazivu"
"301","Zakon o uslovima i postupku verifikacije op?tih obaveza Republike Srpske","Zakon o izmjenama i dopunama Zakona o inspekcijama u Republici Srpskoj-109_12.pdf","","Naziv ne odgovara PDF nazivu"
"304","Zakon o obaveznim osiguranjima u saobra?aju","Zakon o izmjenama i dopunama Zakona o investicionim fondovima-82_15.pdf","","Naziv ne odgovara PDF nazivu"
"311","????? ? ????????? ? ???????? ?????? ? ???????????????","Zakon o izmjenama i dopunama Zakona o izvr?nom postupku-57_12.pdf","","Naziv ne odgovara PDF nazivu"
"325","Zakon o obaveznom zdravstvenom osiguranju","Zakon o izmjenama i dopunama Zakona o legalizaciji bespravno izgra?enih objekata-93_22.pdf","","Naziv ne odgovara PDF nazivu"
"326","Zakon o studentskom standardu","Zakon o izmjenama i dopunama Zakona o lijekovima-34_08.pdf","","Naziv ne odgovara PDF nazivu"
"333","Zakon o sistemu internih finansijskih kontrola u javnom sektoru Republike Srpske","Zakon o izmjenama i dopunama Zakona o nasl?e?ivanju-91_16.pdf","","Naziv ne odgovara PDF nazivu"
"344","Zakon o notarskoj slu?bi u Republici Srspkoj","Zakon o izmjenama i dopunama Zakona o odgo?enom pla?anju poreskog duga-28_21.pdf","","Naziv ne odgovara PDF nazivu"
"350","Zakon o uniji studenata Republike Srpske","Zakon o izmjenama i dopunama Zakona o osnovnom obrazovanju i vaspitanju-71_09.pdf","","Naziv ne odgovara PDF nazivu"
"356","Zakon o za?titi lica koja prijavljuju korupciju","Zakon o izmjenama i dopunama Zakona o platama zaposlenih u Ministarstvu unutra?njih poslova Republike Srpske-62_17.pdf","","Naziv ne odgovara PDF nazivu"
"357","Zakon o pripajanju dijela Grada Zvornik Op?tini Lopare","Zakon o izmjenama i dopunama Zakona o platama zaposlenih u institucijama pravosu?a-48_24.pdf","","Naziv ne odgovara PDF nazivu"
"387","Zakon o upravnoj inspekciji","Zakon o izmjenama i dopunama Zakona o prekr?ajima Republike Srpske-1_09.pdf","","Naziv ne odgovara PDF nazivu"
"398","Zakon o za?titi na radu","Zakon o izmjenama i dopunama Zakona o prometu eksplozivnih materija i zapaljivih te?nosti i gasova-1_08.pdf","","Naziv ne odgovara PDF nazivu"
"399","Zakon o studentskom organizovanju","Zakon o izmjenama i dopunama Zakona o prometu eksplozivnih materija, zapaljivih te?nosti i gasova-58_16.pdf","","Naziv ne odgovara PDF nazivu"
"411","Zakon o muzejskoj djelatnosti","Zakon o izmjenama i dopunama Zakona o ribarstvu-112_21.pdf","","Naziv ne odgovara PDF nazivu"
"425","Zakon o za?titi mentalnog zdravlja","Zakon o izmjenama i dopunama Zakona o sudskim taksama-67_20.pdf","","Naziv ne odgovara PDF nazivu"
"438","Zakono kulturnim dobrima","Zakon o izmjenama i dopunama Zakona o unutra?njem platnom prometu-38_22.pdf","","Naziv ne odgovara PDF nazivu"
"451","Zakon o veterinarstvu u Republici Srpskoj","Zakon o izmjenama i dopunama Zakona o veterinarsko - medicinskim proizvodima-75_17.pdf","","Naziv ne odgovara PDF nazivu"
"463","Zakon o op?toj bezbjednosti proizvoda u Republici Srpskoj","Zakon o izmjenama i dopunama Zakona o za?titi i spasavanju u vanrednim situacijama-46_17.pdf","","Naziv ne odgovara PDF nazivu"
"473","Zakon o transfuzijskoj djelatnosti","Zakon o izmjenama i dopunama Zakona o zdravstvenoj za?titi-44_15.pdf","","Naziv ne odgovara PDF nazivu"
"477","Zakon o nusproizvodima ?ivotinjskog porijekla","Zakon o izmjenama i dopunama Zakona o ?umama-60_13.pdf","","Naziv ne odgovara PDF nazivu"
"482","Zakon o unutra?njem dugu Republike Srpske","Zakon o izmjenama i dopunama zakona o apotekarskoj djelatnosti-1_12.pdf","","Naziv ne odgovara PDF nazivu"
"484","Zakon o organskoj proizvodnji","Zakon o izmjenama i dopunama zakona o drumskom saobra?aju u Republici Srpskoj-12_13.pdf","","Naziv ne odgovara PDF nazivu"
"486","Zakon o sistemu javnih slu?bi","Zakon o izmjenama i dopunama zakona o izvr?enju krivi?nih i prekr?ajnih sankcija Republike Srpske-68_07.pdf","","Naziv ne odgovara PDF nazivu"
"488","Zakon o razvoju malih i srednjih preduze?a","Zakon o izmjenama i dopunama zakona o lovstvu-50_13.pdf","","Naziv ne odgovara PDF nazivu"
"493","Zakon o pr?mj?ru i katastru R?publik? Srpsk?","Zakon o izmjenama i dopunama zakona o veterinarstvu u Republici Srpskoj-6_12.pdf","","Naziv ne odgovara PDF nazivu"
"496","Zakon o trgovini","Zakon o izmjenama i dopuni Zakona o platama zaposlenih u Ministarstvu unutra?njih poslova Republike Srpske-105_19.pdf","","Naziv ne odgovara PDF nazivu"
"535","Zakon o samostalnim preduzetnicima","Zakon o izmjeni Zakona o posebnom postupku eksproprijacije radi izgradnje aerodroma u Trebinju-98_24.pdf","","Naziv ne odgovara PDF nazivu"
"586","Zakon o nacionalnim parkovima","Zakon o izmj?nama i dopunama Zakona o g?olo?kim istra?ivanjima-75_10.pdf","","Naziv ne odgovara PDF nazivu"
"593","Zakon o privatizaciji dr?avnog kapitala u pr?duz??ima","Zakon o izmj?nama i dopunama Zakona o pos?bnim r?publi?kim taksama-51_06.pdf","","Naziv ne odgovara PDF nazivu"
"595","Zakon o ra?unovodstvu i r?viziji R?publik? Srpsk?","Zakon o izmj?nama i dopunama Zakona o privatizacionim inv?sticionim fondovima i dru?tvima za upravljanj? privatizacionim fondovima-67_05.pdf","","Naziv ne odgovara PDF nazivu"
"598","Zakon o upravnim sporovima","Zakon o izmj?nama i dopunama Zakona o pr?vozu u drumskom saobra?aju-109_05.pdf","","Naziv ne odgovara PDF nazivu"
"609","????? ? ?????? ?????? ? ??????? ???????","Zakon o izmj?nama i dopunama Zakona o za?titi potro?a?a u R?publici Srpskoj-63_14.pdf","","Naziv ne odgovara PDF nazivu"
"613","Zakon o za?titi stanovni?tva od zaraznih bol?sti","Zakon o izmj?nama i dopunama zakona o poljoprivr?dnom z?mlji?tu-14_10.pdf","","Naziv ne odgovara PDF nazivu"
"649","Zakon o za?titi vazduha","Zakon o komunalnim djelatnostima-124_11.pdf","","Naziv ne odgovara PDF nazivu"
"663","Zakon o reproduktivnom materijalu ?umskog drve?a","Zakon o lovstvu-60_09.pdf","","Naziv ne odgovara PDF nazivu"
"677","Zakon o vanparni?nom postupku","Zakon o nafti i derivatima nafte-36_09.pdf","","Naziv ne odgovara PDF nazivu"
"711","Zakon o za?titi, o?uvanju i upotrebi jezika srpskog naroda i ?irili?kog pisma","Zakon o osnovnom obrazovanju i vaspitanju-81_22.pdf","","Naziv ne odgovara PDF nazivu"
"721","Zakon o pravima boraca, vojnih invalida i porodica poginulih boraca odbrambeno-otad?binskog rata Republike Srpske","Zakon o penzijskom i invalidskom osiguranju-134_11.pdf","","Naziv ne odgovara PDF nazivu"
"735","Zakon o dopunama Zakona o izvr?nom postupku","Zakon o platama zaposlenih u Ministarstvu unutra?njih poslova, kazneno-popravnim ustanovama i sudskoj policiji-118_07.pdf","","Naziv ne odgovara PDF nazivu"
"761","Zakon o u?eni?kom standardu","Zakon o poljoprivrednom zemlji?tu-93_06.pdf","","Naziv ne odgovara PDF nazivu"
"777","Zakona o upravnoj inspekciji","Zakon o posebnom postupku eksproprijacije radi izgradnje aerodroma u Trebinju-99_20.pdf","","Naziv ne odgovara PDF nazivu"
"784","Zakon o pos?bnom r??imu izvr??nja kazn? zatvora","Zakon o posr?dovanju u zapo?ljavanju i pravima za vrij?m? n?zaposl?nosti-30_10.pdf","","Naziv ne odgovara PDF nazivu"
"804","Zakon o za?titi i dobrobiti ?ivotinja","Zakon o prevozu u drumskom saobra?aju Republike Srpske-111_08.pdf","","Naziv ne odgovara PDF nazivu"
"813","Zakon o sudovima Republike Srpske","Zakon o profesionalnoj rehabilitaciji, osposobljavanju i zapo?ljavanju invalida-37_12.pdf","","Naziv ne odgovara PDF nazivu"
"823","Zakon o sr?dstvima za za?titu bilja","Zakon o p??larstvu-52_10.pdf","","Naziv ne odgovara PDF nazivu"
"827","Zakon o dopunama Zakona o lokalnoj samoupravi","Zakon o ras?lj?nim licima, povratnicima i izbj?glicama u R?publici Srpskoj-42_05.pdf","","Naziv ne odgovara PDF nazivu"
"895","Zakon o investicionim fondovima","Zakon o tr?i?tu hartija od vrijednosti-92_06.pdf","","Naziv ne odgovara PDF nazivu"
"896","Zakon o ugostiteljstvu","Zakon o turizmu-45_17.pdf","","Naziv ne odgovara PDF nazivu"
"900","Zakon o dopunama zakona o premjeru i katastru nepokretnosti","Zakon o ugostit?ljstvu-15_10.pdf","","Naziv ne odgovara PDF nazivu"
"925","Zakon o za?titi ?ivotne sredine","Zakon o veterinarsko-medicinskim proizvodima-71_12.pdf","","Naziv ne odgovara PDF nazivu"
"990","????? ? ????????? ? ???????? ?????? ? ?????????????","????? ? ????????? ? ???????? ?????? ? ?????????????-57_12.pdf","","Naziv ne odgovara PDF nazivu"
